-- phpMyAdmin SQL Dump
-- version 4.6.6deb5
-- https://www.phpmyadmin.net/
--
-- Host: localhost:3306
-- Generation Time: Jun 08, 2020 at 04:17 PM
-- Server version: 5.7.29-0ubuntu0.18.04.1
-- PHP Version: 7.2.24-0ubuntu0.18.04.3

SET SQL_MODE = "NO_AUTO_VALUE_ON_ZERO";
SET time_zone = "+00:00";


/*!40101 SET @OLD_CHARACTER_SET_CLIENT=@@CHARACTER_SET_CLIENT */;
/*!40101 SET @OLD_CHARACTER_SET_RESULTS=@@CHARACTER_SET_RESULTS */;
/*!40101 SET @OLD_COLLATION_CONNECTION=@@COLLATION_CONNECTION */;
/*!40101 SET NAMES utf8mb4 */;

--
-- Database: `eba_db`
--

-- --------------------------------------------------------

--
-- Table structure for table `comments`
--

CREATE TABLE `comments` (
  `id` int(11) NOT NULL,
  `message` varchar(255) DEFAULT NULL,
  `post_id` int(11) DEFAULT NULL,
  `user_id` int(11) DEFAULT NULL
) ENGINE=InnoDB DEFAULT CHARSET=utf8;

--
-- Dumping data for table `comments`
--

INSERT INTO `comments` (`id`, `message`, `post_id`, `user_id`) VALUES
(1, '6B6rD6oSM4xC9zT27Xnh - 153', 153, 34),
(2, 'BTKNvXecW7u37Gps7fvE - 90', 90, 38),
(3, 'led27pkHbQUmoHuf6W5g - 32', 32, 24),
(4, 'Zl9hI3qTrne1TXjpRMxL - 205', 205, 5),
(5, 'omtUHHMBUhgKh2xOyLir - 149', 149, 8),
(6, 'MNC0eFMPT3vJ91DSirJb - 18', 18, 40),
(7, 'a5WEvcoyjpAmNcKRGVbJ - 213', 213, 25),
(8, 'z9OGwk8ZeVAfj4zsP6Ro - 223', 223, 16),
(9, '3x7Yoc8jWNh7gxWs0Cfl - 129', 129, 34),
(10, '67WfK1NB9h4yWZ2YjcZ8 - 212', 212, 22),
(11, 'HBXFxulqPevld6NxsjgT - 156', 156, 38),
(12, 'emFeWUuLnCZpqUlxKdEe - 144', 144, 44),
(13, '20DcWaSac5GmkmzfQq55 - 173', 173, 49),
(14, 'fMMRNYSypURXFnsVAo6v - 24', 24, 14),
(15, 'VjBzeXAfcXusJaCcE9Vx - 239', 239, 37),
(16, '0Mct1QTOBjcqGn7EKzBo - 21', 21, 48),
(17, 'Fbs2wEPbdj6AJv6Dhl80 - 123', 123, 21),
(18, 'EYs3VOUjmrewjr93cgr3 - 237', 237, 35),
(19, 'kO6AcH5uZ8FUFd4RKEPy - 167', 167, 39),
(20, 'hJhhReRPEad1u8BL1vpd - 119', 119, 49),
(21, 'KTPERRxSJuqlj4Z1iHlv - 113', 113, 9),
(22, 'JSCbUUzZuT7k1dPia8ac - 130', 130, 38),
(23, 'qdUvgRAm45Et0lKESxZj - 51', 51, 42),
(24, 'hBJdDW9EjunAsEPjPlma - 127', 127, 48),
(25, 'PrhnRJ8Jle2qkOwyX3zY - 213', 213, 8),
(26, 'n0Eu9ufQ5tANZoD0laSo - 126', 126, 40),
(27, 'IE0c7TgE3V1V9tdtfpAO - 147', 147, 13),
(28, '6mLHEYgayRPA0JvY3eMs - 225', 225, 21),
(29, 'gWwsABvRKet67HPK5PCS - 212', 212, 1),
(30, '9GzfbPseJuJQfjLrhlA3 - 226', 226, 12),
(31, 'mXmVI2Gtck7PpclDottW - 237', 237, 32),
(32, 'ss8jxlrMp6D5RZEY5BAv - 117', 117, 38),
(33, 'bPKqOROEGYpzjlPYHO9k - 146', 146, 17),
(34, '565LmldncnEq9ztXuO4z - 70', 70, 22),
(35, 'SO85uuuM2P3x4jawBINs - 96', 96, 44),
(36, 'kT1FKsnDdwA6u2snPgDE - 236', 236, 29),
(37, 'C4vLpIaRHBAs3ImstaM2 - 231', 231, 46),
(38, 'LJ5WledxNs3cA13VqFui - 27', 27, 13),
(39, '2Nq79U7XbzI6pqFjBTxY - 86', 86, 15),
(40, 'xWTbNFkbeXqYW7HvMYA7 - 116', 116, 8),
(41, 'XMPFiX12U9890mEwSEOI - 70', 70, 36),
(42, 'pXBgGGYKZ6ggpLbf2t0o - 79', 79, 14),
(43, '2CC4Tk3ctdUhV8mReh8u - 62', 62, 46),
(44, 'leKBM7g7IhCg3MRalpEl - 86', 86, 3),
(45, 'knB85Pk2I0aHty16elRc - 12', 12, 33),
(46, 'KAvRJOp0iAwTW2oHL4sj - 147', 147, 36),
(47, '4lMHEUFfz4zHQN2N2wg7 - 60', 60, 33),
(48, '7LhCDjkL3tM2HPNaucuD - 102', 102, 47),
(49, 'OmrAJH1Dyt9qGnM5BV93 - 129', 129, 26),
(50, 'gIcH3k5wTxuLsVKsvo33 - 112', 112, 21),
(51, 'zx0MOS3U3qNK5jRufHAc - 222', 222, 21),
(52, 'WmvXQKorNblX5TBkPa2C - 156', 156, 3),
(53, 'zTpUktJlTVijM01EgOLT - 240', 240, 46),
(54, 's2NM8DzeH4An72GZOBVj - 66', 66, 35),
(55, 'oeZXnOVHYFPHDAw9SfsC - 139', 139, 6),
(56, '7urQELBAKxQ7NkztzwaG - 12', 12, 23),
(57, 'Ohw1YdQ0niVcmmRb5rd2 - 158', 158, 49),
(58, 'L4iOE9uKTaMoSChDfnog - 172', 172, 26),
(59, 'a9Ix7P3QsF2pVGgauX1l - 14', 14, 29),
(60, 'pI8evZIu59OL5d6dQ1jz - 32', 32, 33),
(61, 'Lf89UiuUyx0xsi0AQUvI - 56', 56, 46),
(62, 'iPIJ8fJvlkuFWcg0oUY6 - 20', 20, 49),
(63, 'dTIe7yPmQjLooYHfzzq1 - 249', 249, 37),
(64, '4d7XrMHw3dgXmSaTu3vO - 206', 206, 30),
(65, 'L91Ktwk9qA3TlHFvJ2nr - 227', 227, 9),
(66, 'J80kfR0aZDXdIQrIQ1kS - 219', 219, 22),
(67, 'co8eHXSvMNO2N4NKBWb0 - 116', 116, 26),
(68, 'wlWzAHW8DXSn6LMZCyZo - 136', 136, 31),
(69, 'HEqKSIMM2mojFkncNkWO - 61', 61, 2),
(70, '5NIRb6f5dvb9SoJBRLln - 164', 164, 42),
(71, 'Cq0VYymkIIefAX0DRZto - 17', 17, 14),
(72, 'RNJvzVzpIX0MgToHGz02 - 216', 216, 22),
(73, 'CbWToVxRD2uGk1V2bBNO - 110', 110, 6),
(74, 'f1J65AJC8wH6IwzyoqYP - 138', 138, 1),
(75, 'K02wtqJgEAzGWjfP0JrW - 129', 129, 18),
(76, 'XCLFAXP3rOkdrKrKIIbH - 138', 138, 3),
(77, 'igMswVmMdOcnIsGaMCdg - 105', 105, 15),
(78, 'yZHpPpAm2O9kBo9QaD7Z - 108', 108, 24),
(79, 'P1izNSWVgPjLMjxFSEPo - 186', 186, 15),
(80, 'ScsCT5rbL92ZbHFZ05n3 - 147', 147, 41),
(81, 'omS13rVLpY42zhdVC5xW - 141', 141, 44),
(82, 'nK0NRd3pZ7Y1BrZ7mMDe - 9', 9, 11),
(83, 'sBYV29PLVOsE6YGmC31T - 125', 125, 34),
(84, 'yOp5KYX9CxTyrxui9pEY - 93', 93, 28),
(85, 'yeNfVaBGeZESgXdDkyVG - 81', 81, 37),
(86, 'eBZAtfL0Sf4OBAxEFkoo - 37', 37, 5),
(87, 'UMXa076QGR3RDi6ppCca - 144', 144, 9),
(88, 'eXkSWx2ZZZrokqfAAE9z - 20', 20, 2),
(89, 'ILtwP9nkZjl5Z2FG6QDK - 98', 98, 21),
(90, 'CDgcSRvjuJ67ivyeofzF - 167', 167, 3),
(91, 'JycXmzi7v7vqyGGqAdtg - 134', 134, 11),
(92, '7hNuodOvgPDPljRbsMJm - 83', 83, 13),
(93, 'lWbaiooP0oYs2JzeP2tU - 89', 89, 8),
(94, 'nvmJ3O6gl4l0H272qiMI - 11', 11, 16),
(95, 'v2Tv7QTWjEZZiMTDiVMu - 246', 246, 33),
(96, '3au0h5hIKc4vkWaOS7Bs - 42', 42, 17),
(97, 'lkju919lX8jkMVjCCfKK - 33', 33, 9),
(98, 'sEHzNsRziJjtkGsWDYdz - 236', 236, 32),
(99, 'xrXzIXlYecsGVqcNn93Z - 23', 23, 25),
(100, 'z88y6O6MKzOZwCroBFUi - 55', 55, 24),
(101, 'RzcVzsNIZtTxxcvkWvzV - 19', 19, 33),
(102, 'MhLm0fu2SD5TTQShp2oV - 135', 135, 16),
(103, 'mN5QCb9uQoViBrM04uob - 11', 11, 17),
(104, 'tNoroCqnEAIDzS54RFcG - 72', 72, 9),
(105, 'LsjNxIpHFhdVylVA7GGq - 116', 116, 21),
(106, 'bF21gzOWuSgYQP98wA0N - 49', 49, 35),
(107, 'zL17qO8HU4qmOIfJ9zXg - 188', 188, 40),
(108, 'Z59Tovtj4WKV0pOw0tdj - 26', 26, 29),
(109, 'qiqGGk44mebJhPlZGuJj - 48', 48, 35),
(110, 'o4mRHF6g77UHKKdFjgv5 - 140', 140, 15),
(111, 'FCs4MBwNrTAdMGjo8BXJ - 149', 149, 41),
(112, 'buXaGkq2QUbGwKBZEVj0 - 170', 170, 4),
(113, 'Ao9QxAkYQIXn1xruwLdk - 136', 136, 3),
(114, 'beGKGqxmW5wuZcexKbAW - 26', 26, 19),
(115, 'MJhvs4BkH9V7TKwiivrr - 34', 34, 21),
(116, 'GgYbBUQXlkHFvH5SXrFs - 71', 71, 37),
(117, 'ofmxyz6ybh0PsLw7W85t - 7', 7, 6),
(118, 'NDc7aIdasHq8138eCUB8 - 90', 90, 34),
(119, 'OJZsbKTzDvGEhpgdw9Gk - 73', 73, 42),
(120, 'BQhnI1q1nW6TNws5jIst - 243', 243, 31),
(121, '3c8vst6nRDnZizB7yGyC - 23', 23, 41),
(122, 'a8FbpDUk5JefitrRzJSX - 141', 141, 31),
(123, 'sSyumw2NGkIcRCsEX7Jw - 63', 63, 46),
(124, 'h12qgOsxlgnzMY3C1GtW - 14', 14, 11),
(125, '8w3LY7kfVfaIpAHmjgRW - 24', 24, 6),
(126, 'g1bbDEt5vFdDPGHQiLas - 204', 204, 31),
(127, 'ajcGK2DHg5mzvsbTZV9f - 248', 248, 2),
(128, '0Gp2S9bDOUBOu8kOSHpP - 170', 170, 44),
(129, 'PGfFlSEZXaJB6CHXFbot - 178', 178, 47),
(130, 'khj9DZNKaAZmkLxGGQTd - 150', 150, 31),
(131, '1r48FL5m1vMtBfITaf4p - 34', 34, 30),
(132, 'uytXrby7FL8Sx7nG0MJI - 81', 81, 30),
(133, 'gxl84ek6JLRIzkW7hScy - 2', 2, 34),
(134, '3VQraa0Hf5iEK9Woz5uR - 134', 134, 25),
(135, 'CGeCOaO6IgtRN7J5p8XC - 13', 13, 12),
(136, 'dXsKy8ZOAf6tsTTSxRje - 37', 37, 6),
(137, 'BQKXOFvFzGoQlOAepBlH - 2', 2, 1),
(138, '9nfhv3uUCARZWixK7d06 - 200', 200, 28),
(139, 'Q8JQws1PWhggwmikRD37 - 105', 105, 9),
(140, 'XUOSESRE4RnRuiBAPHOc - 202', 202, 31),
(141, 'c6vhhoQC4jMZirFXQyD9 - 67', 67, 46),
(142, 'BS75urfrenseh0OagpZS - 146', 146, 42),
(143, 'tRDrB0dNBq8kESfxH1gF - 110', 110, 22),
(144, 'ctVfqyYXk8E1DPK49wwz - 108', 108, 40),
(145, 'OSr3c2soS0oOGkESqxj6 - 244', 244, 20),
(146, 'xv9fu04uKNlmWvmqyU2u - 45', 45, 12),
(147, '79XfAE36JvmJQJARuTLu - 179', 179, 2),
(148, 'DO2q1zUm4Ituojl3RasZ - 62', 62, 29),
(149, '6hKgg9DjYP3H1qBTKQ56 - 5', 5, 45),
(150, '9ieGMfB9rzEpSzkyRMB8 - 21', 21, 38),
(151, '3kr4KPAGwHISARWOA6Yk - 224', 224, 26),
(152, 'ZeaQdgwvSBsUV8HMAQdR - 87', 87, 13),
(153, 'icNMv6oNdl95cGApRPTL - 34', 34, 40),
(154, 'Cuai8dLpN3riHg7aCbIR - 128', 128, 21),
(155, 'Bei9zyOgYhhGoXx0yZwW - 145', 145, 33),
(156, 'CgKjypW8gEsiipWgr8Jl - 154', 154, 43),
(157, 'd8t3kvjPWBUteARnkJ7W - 63', 63, 12),
(158, 'MJmdHiAXa1kPX9EVqmZU - 241', 241, 39),
(159, 'PcVpV0IZcJJ5W306oJao - 64', 64, 5),
(160, '3NRDouDTzpKIwr6IalsY - 102', 102, 2),
(161, 'mAXWdu5UoL11DXV9r9QT - 139', 139, 37),
(162, 'JluQsav2KQ5Bxi5pOLur - 127', 127, 3),
(163, 'P92XsF7LoPEAlJKFVjJR - 176', 176, 6),
(164, '2r3fESn2UxOxTzve3il7 - 108', 108, 14),
(165, 'Qy4m9oHBEdMuGESk1qQY - 226', 226, 26),
(166, 'EuMNWI6mnlTP1E8pXaiP - 141', 141, 7),
(167, 'GTQVKX05Us5S222FcggX - 125', 125, 28),
(168, 'SGdA75R4Jox4clOyJ0Dk - 218', 218, 11),
(169, 'pw1112I4qHFWotfG7T4S - 206', 206, 2),
(170, 'kkXxQvRNFcB2oxIcAhWB - 115', 115, 39),
(171, 'ssKYtnWpEiQKGPGkfCKk - 220', 220, 28),
(172, 'N82wroRrMmtXckjLtCG4 - 207', 207, 36),
(173, 'yUdsOTTJu5YvZH899ziO - 140', 140, 9),
(174, '0FfK1OYs8WObYVI3cY3T - 224', 224, 38),
(175, 'R42wN2dNgmL6xZzlMxNZ - 118', 118, 36),
(176, 'm1ILNUq6oIjbflflwCIh - 85', 85, 48),
(177, 'zCH93uLIgI2Di0VbpbZz - 202', 202, 15),
(178, 'lT41Hmcx4CMQ6qxRNOBg - 205', 205, 49),
(179, 'WrdyyCDxQtMnBQ7wLkl9 - 61', 61, 31),
(180, 'oZZ7bwJXp6lbcEbD8vcO - 193', 193, 44),
(181, 'Tn0p14fBz8FH5PQpXPE0 - 155', 155, 27),
(182, 'bMeDFF4OgOMtB7HGQRvZ - 134', 134, 30),
(183, 'cIDJ09aGweKglWp1gcdV - 12', 12, 31),
(184, 'SuBJFWE9awy3bZ9JPwXS - 17', 17, 9),
(185, 'V1a3o9Fq5AwWjTXJRS9n - 211', 211, 48),
(186, 'yrtWkaXYrrmJNEyapqKx - 23', 23, 45),
(187, 'VZAkOtHIdxd5b01iDeBN - 240', 240, 17),
(188, 'vVE3dAikfjUxAESP7rfw - 205', 205, 20),
(189, 'qFR2Ehu2OGEfHgdxMeuh - 2', 2, 17),
(190, 'JUes4Lwkhj5d5kTArUBf - 249', 249, 13),
(191, 'ZCeHrJ4NF4OLz8krylz8 - 15', 15, 39),
(192, 'ri8vA5fgv49ra4XAZG1E - 58', 58, 42),
(193, 'Vhgyp5Ecdh9cuNp8TjKG - 142', 142, 20),
(194, 'EOqi2rElr00oHsCfsgV7 - 160', 160, 4),
(195, '2akcES1FkYh1125CfJam - 198', 198, 36),
(196, 'EQ74ixNn3amiN5HjYysX - 234', 234, 4),
(197, '124ufkU4u0Ss0xJhH73G - 88', 88, 27),
(198, 'QOGh7QmndvSllFIjCF6m - 191', 191, 26),
(199, 'Ck3z0O0BPH3C6cGVSiLI - 165', 165, 38),
(200, 'hl31ARmEj9H6uIEEIu2K - 85', 85, 22),
(201, '6vXb4Pu9MdtZtlyoLzal - 217', 217, 36),
(202, '5JYR1UnuebPQTswc5dKI - 57', 57, 23),
(203, '05lXqsDXQOoRWi8UobHj - 13', 13, 31),
(204, 'gKWhqzpIrVCoYipcm6Er - 56', 56, 31),
(205, '19A1Mixmh8V4u0SxxclV - 164', 164, 34),
(206, 'spmdQZViveyOQRcnQvdY - 65', 65, 46),
(207, 'Ata1CNj1m5vnwJUHMo1t - 12', 12, 49),
(208, 'ITKuoXzXXuZw7rlIpgyy - 164', 164, 42),
(209, 'Yy0NkpZNq99PKSrJqaUK - 93', 93, 25),
(210, 'I9L2bb3cYJDp1jJX8BPW - 34', 34, 42),
(211, 'aUxYFw9T38Ju3UvFVfb4 - 177', 177, 10),
(212, 'ln1NHY8yzjzNSPILmCZ4 - 197', 197, 38),
(213, 'plsLofgVp8cyPrFGk3Xf - 121', 121, 19),
(214, 'QWGrSQsQHNFPf3lQPAdU - 73', 73, 11),
(215, 'us1NfXtWEIkddSE3v7BI - 192', 192, 11),
(216, 'XzGtAQUjeEVp9crftBVx - 174', 174, 49),
(217, 'bSn93Vp6cdqoZ8jShLFm - 111', 111, 43),
(218, 'bxMg0Pk7xW4UIPmTK4CE - 156', 156, 13),
(219, '6yjELPugGX3PYIFNNsH2 - 194', 194, 11),
(220, 'afXvDCE9rS371HWMGx3E - 246', 246, 24),
(221, 'aX07BkSmXQuzY6tLEf8x - 208', 208, 13),
(222, 'VacOnHouf8SJQkMlLkh2 - 191', 191, 49),
(223, 'wrv6GF9azurqylvpxlhm - 1', 1, 46),
(224, 'ZQgKRjCJ6atJbY2U1llv - 178', 178, 42),
(225, '7srzyDp2mWys3P3tSoYs - 131', 131, 17),
(226, 'B5C2BC5XMiyk5epOiist - 146', 146, 38),
(227, '0M1pA2UyvRusPEBrJofF - 181', 181, 37),
(228, 'JIyD6FXorOgSidyd3id6 - 204', 204, 8),
(229, 'jqaGWVEZ1kr0pHBRgoNR - 245', 245, 48),
(230, 'wdaIr5Zqw5orTIMQwO0A - 67', 67, 37),
(231, 'RvIP2OEv523MIDYFqeO8 - 53', 53, 46),
(232, 'UA2v3grNYmv26mRCiKFo - 123', 123, 18),
(233, 'R5XXmsvDEGO3DwGmXh39 - 60', 60, 44),
(234, 'GinH5cuA7keuCIRldqAd - 135', 135, 7),
(235, 'LqPB7YB5QS5W8SlsOWrP - 138', 138, 21),
(236, 'aWEuuHD397m6k3YFDyrY - 72', 72, 35),
(237, '4KXPICZ1DNRXCpp5vanA - 86', 86, 4),
(238, 'NEWebS2OdX9BN92j3i4D - 115', 115, 3),
(239, 'j7MmgZMyAk7N3C568fca - 16', 16, 42),
(240, 'm9ergkiYhxfx4llIT1rt - 60', 60, 12),
(241, 'CKssUgrxrWgQjhUHcqvT - 66', 66, 32),
(242, '7SghwXGSGIEvPGIZ9an9 - 117', 117, 46),
(243, 'DPP4rlm12N1JXIjzePce - 3', 3, 13),
(244, '1sVx8pOarRrtt9vpkrnB - 2', 2, 34),
(245, 'skowYKKKTpfL3cv6s6vW - 63', 63, 17),
(246, 'yJ9IObDxrgVsFFeS18Ts - 83', 83, 12),
(247, '1X7n63HmcI2zZuq4wTuv - 17', 17, 4),
(248, 'rNCXOZfAQ8d4Ge7aukpp - 85', 85, 31),
(249, 'lN4VXyY9hCDWZdXCvinh - 37', 37, 9),
(250, 'OVbXhA8lyTAjHzaTR32C - 61', 61, 1);

-- --------------------------------------------------------

--
-- Table structure for table `follows`
--

CREATE TABLE `follows` (
  `id` int(11) NOT NULL,
  `following` int(11) DEFAULT NULL,
  `user_id` int(11) DEFAULT NULL
) ENGINE=InnoDB DEFAULT CHARSET=utf8;

--
-- Dumping data for table `follows`
--

INSERT INTO `follows` (`id`, `following`, `user_id`) VALUES
(1, 27, 38),
(2, 41, 4),
(3, 48, 43),
(4, 13, 39),
(5, 38, 28),
(6, 37, 25),
(7, 31, 8),
(8, 23, 40),
(9, 12, 22),
(10, 10, 45),
(11, 15, 27),
(12, 29, 11),
(13, 3, 25),
(14, 11, 20),
(15, 16, 45),
(16, 28, 36),
(17, 39, 44),
(18, 13, 39),
(19, 39, 23),
(20, 43, 35),
(21, 37, 5),
(22, 2, 44),
(23, 10, 13),
(24, 46, 43),
(25, 8, 26),
(26, 34, 6),
(27, 5, 36),
(28, 23, 33),
(29, 1, 14),
(30, 46, 3),
(31, 4, 28),
(32, 22, 39),
(33, 43, 45),
(34, 32, 2),
(35, 35, 17),
(36, 31, 8),
(37, 12, 18),
(38, 39, 38),
(39, 36, 23),
(40, 2, 35),
(41, 30, 5),
(42, 4, 35),
(43, 41, 40),
(44, 44, 28),
(45, 44, 34),
(46, 3, 19),
(47, 20, 15),
(48, 28, 32),
(49, 29, 25),
(50, 15, 32),
(51, 16, 17),
(52, 43, 46),
(53, 45, 4),
(54, 14, 46),
(55, 49, 21),
(56, 45, 27),
(57, 38, 17),
(58, 44, 23),
(59, 22, 29),
(60, 13, 42),
(61, 47, 46),
(62, 31, 33),
(63, 33, 14),
(64, 30, 45),
(65, 31, 28),
(66, 41, 40),
(67, 6, 47),
(68, 40, 3),
(69, 29, 46),
(70, 14, 12),
(71, 46, 6),
(72, 4, 23),
(73, 49, 2),
(74, 17, 24),
(75, 3, 1),
(76, 44, 9),
(77, 39, 45),
(78, 45, 20),
(79, 7, 15),
(80, 7, 40),
(81, 16, 32),
(82, 33, 47),
(83, 28, 19),
(84, 46, 11),
(85, 39, 1),
(86, 5, 14),
(87, 32, 12),
(88, 5, 47),
(89, 45, 3),
(90, 4, 30),
(91, 2, 27),
(92, 36, 1),
(93, 32, 35),
(94, 45, 28),
(95, 22, 42),
(96, 43, 45),
(97, 46, 11),
(98, 19, 12),
(99, 13, 5),
(100, 13, 4),
(101, 48, 49),
(102, 4, 48),
(103, 17, 25),
(104, 48, 1),
(105, 6, 15),
(106, 37, 38),
(107, 40, 29),
(108, 33, 38),
(109, 12, 25),
(110, 28, 40),
(111, 11, 46),
(112, 15, 20),
(113, 44, 45),
(114, 33, 37),
(115, 10, 20),
(116, 41, 25),
(117, 34, 44),
(118, 25, 38),
(119, 26, 20),
(120, 31, 43),
(121, 28, 32),
(122, 6, 46),
(123, 29, 35),
(124, 26, 10),
(125, 8, 41),
(126, 27, 8),
(127, 39, 14),
(128, 39, 35),
(129, 45, 34),
(130, 18, 27),
(131, 7, 8),
(132, 39, 12),
(133, 8, 46),
(134, 28, 13),
(135, 21, 24),
(136, 35, 1),
(137, 33, 8),
(138, 3, 40),
(139, 34, 30),
(140, 45, 1),
(141, 11, 41),
(142, 30, 10),
(143, 28, 20),
(144, 38, 24),
(145, 21, 26),
(146, 16, 49),
(147, 11, 3),
(148, 24, 36),
(149, 8, 9),
(150, 30, 12),
(151, 35, 40),
(152, 10, 3),
(153, 34, 9),
(154, 5, 29),
(155, 20, 15),
(156, 37, 43),
(157, 33, 22),
(158, 29, 19),
(159, 36, 1),
(160, 30, 38),
(161, 43, 26),
(162, 36, 24),
(163, 47, 5),
(164, 35, 39),
(165, 28, 11),
(166, 21, 34),
(167, 3, 10),
(168, 41, 11),
(169, 6, 29),
(170, 41, 39),
(171, 47, 22),
(172, 26, 31),
(173, 9, 39),
(174, 18, 5),
(175, 6, 37),
(176, 37, 39),
(177, 20, 14),
(178, 18, 33),
(179, 4, 43),
(180, 2, 30),
(181, 14, 22),
(182, 23, 36),
(183, 45, 34),
(184, 20, 8),
(185, 10, 40),
(186, 44, 24),
(187, 7, 45),
(188, 19, 27),
(189, 1, 29),
(190, 25, 1),
(191, 13, 14),
(192, 47, 33),
(193, 39, 38),
(194, 47, 37),
(195, 45, 26),
(196, 13, 39),
(197, 33, 37),
(198, 2, 36),
(199, 16, 48),
(200, 27, 47),
(201, 43, 23),
(202, 33, 10),
(203, 42, 5),
(204, 2, 18),
(205, 7, 27),
(206, 15, 6),
(207, 38, 14),
(208, 45, 43),
(209, 49, 6),
(210, 17, 39),
(211, 29, 13),
(212, 19, 6),
(213, 46, 14),
(214, 45, 31),
(215, 36, 5),
(216, 33, 28),
(217, 16, 14),
(218, 25, 24),
(219, 24, 18),
(220, 29, 25),
(221, 45, 13),
(222, 38, 40),
(223, 47, 14),
(224, 3, 40),
(225, 24, 6),
(226, 33, 4),
(227, 8, 10),
(228, 27, 23),
(229, 36, 9),
(230, 18, 2),
(231, 11, 38),
(232, 41, 17),
(233, 42, 18),
(234, 33, 35),
(235, 15, 39),
(236, 41, 35),
(237, 1, 47),
(238, 11, 25),
(239, 24, 9),
(240, 1, 28),
(241, 12, 7),
(242, 34, 12),
(243, 3, 34),
(244, 6, 37),
(245, 28, 16),
(246, 27, 49),
(247, 25, 43),
(248, 4, 47),
(249, 48, 2),
(250, 35, 26);

-- --------------------------------------------------------

--
-- Table structure for table `hide_posts`
--

CREATE TABLE `hide_posts` (
  `id` int(11) NOT NULL,
  `post_id` int(11) DEFAULT NULL,
  `user_id` int(11) DEFAULT NULL
) ENGINE=InnoDB DEFAULT CHARSET=utf8;

--
-- Dumping data for table `hide_posts`
--

INSERT INTO `hide_posts` (`id`, `post_id`, `user_id`) VALUES
(1, 221, 38),
(2, 61, 3),
(3, 27, 6),
(4, 96, 10),
(5, 136, 20),
(6, 180, 4),
(7, 65, 1),
(8, 124, 43),
(9, 226, 41),
(10, 51, 34),
(11, 181, 19),
(12, 202, 30),
(13, 29, 32),
(14, 239, 37),
(15, 42, 41),
(16, 236, 24),
(17, 168, 43),
(18, 234, 15),
(19, 215, 39),
(20, 80, 10),
(21, 59, 42),
(22, 42, 37),
(23, 145, 17),
(24, 223, 38),
(25, 82, 18),
(26, 31, 3),
(27, 55, 11),
(28, 39, 8),
(29, 180, 7),
(30, 15, 40),
(31, 228, 20),
(32, 131, 39),
(33, 16, 37),
(34, 246, 18),
(35, 194, 48),
(36, 25, 43),
(37, 199, 32),
(38, 75, 13),
(39, 59, 26),
(40, 184, 7),
(41, 161, 25),
(42, 198, 37),
(43, 12, 9),
(44, 172, 21),
(45, 51, 48),
(46, 34, 32),
(47, 72, 43),
(48, 84, 9),
(49, 28, 32),
(50, 42, 20),
(51, 38, 22),
(52, 213, 29),
(53, 115, 19),
(54, 86, 6),
(55, 78, 3),
(56, 37, 32),
(57, 241, 9),
(58, 24, 14),
(59, 230, 2),
(60, 212, 23),
(61, 196, 32),
(62, 185, 10),
(63, 62, 20),
(64, 241, 9),
(65, 28, 15),
(66, 221, 16),
(67, 25, 22),
(68, 134, 19),
(69, 167, 16),
(70, 117, 43),
(71, 11, 21),
(72, 177, 25),
(73, 135, 35),
(74, 144, 22),
(75, 95, 16),
(76, 182, 16),
(77, 226, 38),
(78, 11, 1),
(79, 126, 5),
(80, 219, 20),
(81, 213, 48),
(82, 68, 46),
(83, 59, 29),
(84, 54, 6),
(85, 69, 4),
(86, 123, 38),
(87, 178, 30),
(88, 182, 5),
(89, 13, 16),
(90, 137, 16),
(91, 51, 48),
(92, 128, 23),
(93, 211, 39),
(94, 55, 32),
(95, 62, 30),
(96, 101, 29),
(97, 128, 8),
(98, 188, 42),
(99, 125, 48),
(100, 189, 5),
(101, 98, 24),
(102, 38, 16),
(103, 115, 10),
(104, 74, 33),
(105, 158, 8),
(106, 117, 4),
(107, 183, 9),
(108, 241, 22),
(109, 55, 10),
(110, 141, 43),
(111, 87, 31),
(112, 220, 43),
(113, 199, 24),
(114, 93, 34),
(115, 99, 21),
(116, 223, 44),
(117, 172, 18),
(118, 242, 26),
(119, 80, 31),
(120, 111, 16);

-- --------------------------------------------------------

--
-- Table structure for table `likes`
--

CREATE TABLE `likes` (
  `id` int(11) NOT NULL,
  `post_id` int(11) DEFAULT NULL,
  `user_id` int(11) DEFAULT NULL
) ENGINE=InnoDB DEFAULT CHARSET=utf8;

--
-- Dumping data for table `likes`
--

INSERT INTO `likes` (`id`, `post_id`, `user_id`) VALUES
(1, 228, 5),
(2, 75, 23),
(3, 240, 15),
(4, 242, 5),
(5, 247, 45),
(6, 12, 14),
(7, 230, 41),
(8, 85, 40),
(9, 225, 5),
(10, 18, 49),
(11, 66, 43),
(12, 246, 46),
(13, 174, 12),
(14, 125, 9),
(15, 125, 7),
(16, 232, 21),
(17, 161, 6),
(18, 244, 24),
(19, 157, 40),
(20, 63, 23),
(21, 108, 11),
(22, 203, 8),
(23, 223, 26),
(24, 78, 12),
(25, 109, 15),
(26, 238, 39),
(27, 6, 23),
(28, 92, 34),
(29, 26, 30),
(30, 215, 24),
(31, 53, 8),
(32, 123, 42),
(33, 72, 13),
(34, 166, 21),
(35, 132, 2),
(36, 34, 29),
(37, 151, 33),
(38, 8, 27),
(39, 167, 35),
(40, 104, 2),
(41, 169, 47),
(42, 52, 7),
(43, 164, 19),
(44, 241, 34),
(45, 164, 5),
(46, 215, 38),
(47, 198, 47),
(48, 111, 12),
(49, 18, 37),
(50, 147, 9),
(51, 245, 37),
(52, 98, 29),
(53, 25, 47),
(54, 118, 23),
(55, 107, 35),
(56, 248, 4),
(57, 247, 35),
(58, 163, 6),
(59, 249, 8),
(60, 122, 2),
(61, 49, 14),
(62, 86, 17),
(63, 219, 14),
(64, 66, 22),
(65, 106, 48),
(66, 58, 18),
(67, 57, 11),
(68, 30, 31),
(69, 161, 18),
(70, 151, 28),
(71, 57, 25),
(72, 126, 43),
(73, 14, 33),
(74, 247, 32),
(75, 12, 43),
(76, 221, 29),
(77, 62, 28),
(78, 87, 12),
(79, 138, 21),
(80, 173, 1),
(81, 52, 40),
(82, 228, 39),
(83, 206, 46),
(84, 128, 38),
(85, 35, 37),
(86, 107, 7),
(87, 93, 13),
(88, 179, 47),
(89, 35, 36),
(90, 134, 2),
(91, 134, 4),
(92, 166, 22),
(93, 174, 40),
(94, 6, 29),
(95, 166, 29),
(96, 81, 3),
(97, 185, 43),
(98, 127, 45),
(99, 128, 48),
(100, 198, 15),
(101, 21, 33),
(102, 192, 26),
(103, 169, 27),
(104, 57, 44),
(105, 11, 25),
(106, 232, 2),
(107, 32, 4),
(108, 142, 12),
(109, 26, 17),
(110, 88, 36),
(111, 34, 31),
(112, 188, 45),
(113, 141, 16),
(114, 236, 13),
(115, 110, 35),
(116, 242, 48),
(117, 152, 37),
(118, 142, 34),
(119, 136, 29),
(120, 199, 43),
(121, 35, 26),
(122, 152, 42),
(123, 181, 5),
(124, 207, 35),
(125, 46, 3),
(126, 132, 4),
(127, 209, 48),
(128, 246, 17),
(129, 27, 10),
(130, 194, 22),
(131, 238, 15),
(132, 154, 48),
(133, 45, 42),
(134, 63, 37),
(135, 192, 33),
(136, 233, 39),
(137, 14, 48),
(138, 54, 21),
(139, 150, 11),
(140, 171, 28),
(141, 169, 46),
(142, 62, 18),
(143, 225, 14),
(144, 81, 11),
(145, 147, 42),
(146, 45, 15),
(147, 249, 32),
(148, 62, 16),
(149, 123, 22),
(150, 173, 41),
(151, 214, 6),
(152, 219, 32),
(153, 51, 31),
(154, 7, 34),
(155, 155, 14),
(156, 218, 36),
(157, 80, 1),
(158, 147, 6),
(159, 228, 8),
(160, 31, 15),
(161, 23, 9),
(162, 73, 27),
(163, 176, 27),
(164, 58, 24),
(165, 120, 20),
(166, 158, 11),
(167, 22, 20),
(168, 50, 2),
(169, 28, 23),
(170, 137, 36),
(171, 236, 29),
(172, 170, 8),
(173, 247, 3),
(174, 66, 34),
(175, 231, 8),
(176, 191, 3),
(177, 189, 30),
(178, 185, 6),
(179, 222, 7),
(180, 29, 16),
(181, 165, 32),
(182, 128, 47),
(183, 93, 19),
(184, 125, 4),
(185, 157, 7),
(186, 176, 4),
(187, 151, 26),
(188, 28, 40),
(189, 193, 45),
(190, 196, 26),
(191, 20, 25),
(192, 57, 41),
(193, 3, 17),
(194, 220, 12),
(195, 110, 42),
(196, 210, 17),
(197, 13, 30),
(198, 121, 49),
(199, 15, 18),
(200, 168, 46),
(201, 101, 9),
(202, 140, 15),
(203, 7, 18),
(204, 195, 4),
(205, 30, 9),
(206, 205, 48),
(207, 107, 21),
(208, 167, 28),
(209, 54, 24),
(210, 163, 12),
(211, 3, 41),
(212, 107, 34),
(213, 181, 21),
(214, 154, 36),
(215, 162, 41),
(216, 74, 44),
(217, 211, 7),
(218, 54, 3),
(219, 39, 4),
(220, 146, 14),
(221, 13, 7),
(222, 208, 27),
(223, 245, 18),
(224, 225, 43),
(225, 214, 49),
(226, 33, 20),
(227, 130, 38),
(228, 29, 46),
(229, 168, 21),
(230, 198, 42),
(231, 64, 39),
(232, 134, 31),
(233, 105, 4),
(234, 109, 25),
(235, 11, 40),
(236, 98, 24),
(237, 43, 5),
(238, 147, 9),
(239, 175, 33),
(240, 230, 9),
(241, 143, 48),
(242, 19, 46),
(243, 7, 49),
(244, 63, 39),
(245, 249, 46),
(246, 224, 48),
(247, 66, 39),
(248, 35, 4),
(249, 99, 19),
(250, 72, 34);

-- --------------------------------------------------------

--
-- Table structure for table `posts`
--

CREATE TABLE `posts` (
  `id` int(11) NOT NULL,
  `message` varchar(255) DEFAULT NULL,
  `user_id` int(11) DEFAULT NULL,
  `deleted` tinyint(1) DEFAULT '0',
  `created_at` datetime DEFAULT CURRENT_TIMESTAMP,
  `updated_at` datetime DEFAULT NULL ON UPDATE CURRENT_TIMESTAMP
) ENGINE=InnoDB DEFAULT CHARSET=utf8;

--
-- Dumping data for table `posts`
--

INSERT INTO `posts` (`id`, `message`, `user_id`, `deleted`, `created_at`, `updated_at`) VALUES
(1, 'DLe6Tnb1Of5rPu0fAPi2 - 1', 48, 0, '2020-06-08 16:16:34', NULL),
(2, 'Lt83IL3BI58tImqJ1JIg - 2', 48, 0, '2020-06-08 16:16:34', NULL),
(3, 'GNzzs6ecCy2Q6KRNvKVt - 3', 1, 0, '2020-06-08 16:16:34', NULL),
(4, '8BxjpLRwd7ojcLIz4PkA - 4', 18, 0, '2020-06-08 16:16:34', NULL),
(5, 'FbbQRbEJZM0WnmmmWDNz - 5', 6, 0, '2020-06-08 16:16:34', NULL),
(6, 'uJYDgnqvPMPnO5ADU1Vd - 6', 5, 1, '2020-06-08 16:16:34', NULL),
(7, 'Ot8kc1410FhoBfRwaZst - 7', 39, 1, '2020-06-08 16:16:34', NULL),
(8, 'CQptF128Fdsgxqc6Nqxl - 8', 43, 1, '2020-06-08 16:16:34', NULL),
(9, 'z32WSobTTXtrN5cbMDLD - 9', 19, 1, '2020-06-08 16:16:34', NULL),
(10, 'nN2YEKGShfPwCcFAEhhN - 10', 44, 1, '2020-06-08 16:16:34', NULL),
(11, 'Clwlizpcxnh0Po9jAl0d - 11', 9, 1, '2020-06-08 16:16:34', NULL),
(12, 'ohiKopcgWQWwXJJ1pLGQ - 12', 47, 1, '2020-06-08 16:16:35', NULL),
(13, 'uQA7hRmEd0RWvFdPiFzZ - 13', 48, 0, '2020-06-08 16:16:35', NULL),
(14, 'QEU8fe0ReXDq7EC3tq6F - 14', 8, 1, '2020-06-08 16:16:35', NULL),
(15, 'Tv6ePI5JFswrOxw5wq0q - 15', 48, 1, '2020-06-08 16:16:35', NULL),
(16, 'GyiFn0l12r7CASDxYPlH - 16', 33, 0, '2020-06-08 16:16:35', NULL),
(17, 'OnT38ZRfCYDNN0qBJI4S - 17', 21, 0, '2020-06-08 16:16:35', NULL),
(18, 'EN7PPrBXnpx4oCwxgwvz - 18', 5, 1, '2020-06-08 16:16:35', NULL),
(19, 'auDK0QfHOq5DQU5znoB7 - 19', 46, 1, '2020-06-08 16:16:35', NULL),
(20, 'T1llbRLm8Esfhn1P2LGA - 20', 28, 0, '2020-06-08 16:16:35', NULL),
(21, 'e6MiO7dKFICVEdNDsKDM - 21', 39, 1, '2020-06-08 16:16:35', NULL),
(22, 'ja9RNtLtDvtjJSVmQKdy - 22', 17, 0, '2020-06-08 16:16:35', NULL),
(23, '3BLP4IxHq568mXEz3zjq - 23', 18, 1, '2020-06-08 16:16:35', NULL),
(24, 'ReMI9LDaeVIVX47m6dtV - 24', 31, 1, '2020-06-08 16:16:35', NULL),
(25, 'xHjNEaKxLIFUcrXbthHb - 25', 27, 0, '2020-06-08 16:16:35', NULL),
(26, 'pVwI4BWfMzoc9UBrlIYQ - 26', 19, 1, '2020-06-08 16:16:35', NULL),
(27, '06S5smhDMYPU8FPsd9zp - 27', 18, 0, '2020-06-08 16:16:35', NULL),
(28, 'zeKdH73aqC10Z8p1QoYN - 28', 14, 0, '2020-06-08 16:16:35', NULL),
(29, 'ASZiYBzaoIjbySxZwrGh - 29', 33, 0, '2020-06-08 16:16:35', NULL),
(30, 'M8rVx8ysdJtmfy1pkFoJ - 30', 15, 1, '2020-06-08 16:16:35', NULL),
(31, 'EWMq7fvPeGyI08a9KhrQ - 31', 5, 0, '2020-06-08 16:16:35', NULL),
(32, 'oi4uBtZz973PXyvc78YH - 32', 2, 1, '2020-06-08 16:16:35', NULL),
(33, '5GfW2oqvqaLY3tWg1Erv - 33', 3, 0, '2020-06-08 16:16:35', NULL),
(34, 'mexah07ABEKOtLUsMc73 - 34', 3, 1, '2020-06-08 16:16:35', NULL),
(35, 'XCrsns8Gc0XeGkJRRb4p - 35', 32, 0, '2020-06-08 16:16:35', NULL),
(36, 'fOXegPki1cATNuM9EFwR - 36', 25, 1, '2020-06-08 16:16:36', NULL),
(37, 'fKCFnLvnIKDImix4iqbX - 37', 44, 0, '2020-06-08 16:16:36', NULL),
(38, 'TuUQi8zVuySptbkdzDJ6 - 38', 2, 1, '2020-06-08 16:16:36', NULL),
(39, 'LTN8R18WtDgkblViNllT - 39', 11, 1, '2020-06-08 16:16:36', NULL),
(40, 'OsHvIPGiCvvVivNbeDhu - 40', 22, 1, '2020-06-08 16:16:36', NULL),
(41, 'xYkBJxuBGf7ZW2E5ugr6 - 41', 6, 1, '2020-06-08 16:16:36', NULL),
(42, '27c4G3zbUSCOFUAVy9KP - 42', 2, 0, '2020-06-08 16:16:36', NULL),
(43, 'Fi1VNgjHziyFqzrpCWgW - 43', 3, 0, '2020-06-08 16:16:36', NULL),
(44, 'Id4YwsJQ5iwaUE0yEYVu - 44', 47, 1, '2020-06-08 16:16:36', NULL),
(45, '0sQRAItBTaeVEkULjKtU - 45', 6, 0, '2020-06-08 16:16:36', NULL),
(46, 'H7Th7qr426nA4hzBTiHb - 46', 32, 0, '2020-06-08 16:16:36', NULL),
(47, 'dj702p7XXqraBNEh1eT4 - 47', 36, 1, '2020-06-08 16:16:36', NULL),
(48, 'r9fbcLyvmPVpBzWiPlCI - 48', 27, 1, '2020-06-08 16:16:36', NULL),
(49, 'jKHuMfXSkVkAxxfmTSoS - 49', 21, 1, '2020-06-08 16:16:36', NULL),
(50, 'zIxXkc4lAbCI05NHo2SR - 50', 39, 1, '2020-06-08 16:16:36', NULL),
(51, 'rmP6qaRR1ucRgqvKSwYX - 51', 9, 1, '2020-06-08 16:16:36', NULL),
(52, 'w0Q3GQq9DCCU8N2uS2ax - 52', 47, 0, '2020-06-08 16:16:36', NULL),
(53, 'lLzgXlKdgEcDjW7b4raF - 53', 30, 1, '2020-06-08 16:16:36', NULL),
(54, 'AhzzgJppt3XJsky2LoJl - 54', 3, 1, '2020-06-08 16:16:36', NULL),
(55, 'LVxLtmmVaIVeZbplSq0Q - 55', 43, 0, '2020-06-08 16:16:36', NULL),
(56, 'jco7posHGXvyTUXuT3ui - 56', 41, 0, '2020-06-08 16:16:36', NULL),
(57, 'bwJpxLkeduI6nYiPHess - 57', 6, 0, '2020-06-08 16:16:36', NULL),
(58, 'XF9Z8kzi6gQVzWo1zidO - 58', 42, 0, '2020-06-08 16:16:36', NULL),
(59, 'lvOuNZjktzKFhlcruNnw - 59', 21, 0, '2020-06-08 16:16:36', NULL),
(60, '4cpVUF4Dn2qYd4mG6lkV - 60', 9, 0, '2020-06-08 16:16:36', NULL),
(61, 'Q5tLnOS8LOkfg2yCYFqd - 61', 2, 1, '2020-06-08 16:16:37', NULL),
(62, '8MSYf9ZztCvcSmkxpz5g - 62', 46, 0, '2020-06-08 16:16:37', NULL),
(63, 'rs1GKLxYtt6gHfQDcCbW - 63', 36, 0, '2020-06-08 16:16:37', NULL),
(64, '6Xg6uxl31yyeVVhn8nPc - 64', 1, 1, '2020-06-08 16:16:37', NULL),
(65, 'ART8s1QErjWnfWlETC1Z - 65', 17, 0, '2020-06-08 16:16:37', NULL),
(66, 'ndpXSBOVvZKzznNSwMKU - 66', 4, 0, '2020-06-08 16:16:37', NULL),
(67, 'UKn77sRz9PWz9oLYqVEs - 67', 35, 0, '2020-06-08 16:16:37', NULL),
(68, 'pah9e0Huv8Jh8T0ARDE9 - 68', 4, 0, '2020-06-08 16:16:37', NULL),
(69, 'TGct7K19HUNkfKrB3Gb8 - 69', 26, 1, '2020-06-08 16:16:37', NULL),
(70, '5h6jilGgqgCl6uvoju1z - 70', 28, 0, '2020-06-08 16:16:37', NULL),
(71, 'QxKeGASpDlI1RAWzf4Kk - 71', 29, 1, '2020-06-08 16:16:37', NULL),
(72, 'LNMo89PcYVkihioT8Q4M - 72', 38, 1, '2020-06-08 16:16:37', NULL),
(73, 'OiPCkzNtfVvGELA0wAkf - 73', 21, 0, '2020-06-08 16:16:37', NULL),
(74, 'EsrFkMggBQFYakwGgoWk - 74', 35, 0, '2020-06-08 16:16:37', NULL),
(75, 'B7Ks1rt8oSKrxi7WmN1z - 75', 1, 1, '2020-06-08 16:16:37', NULL),
(76, 'YQ6zwKGbMpeeMxM8Lj5H - 76', 17, 0, '2020-06-08 16:16:37', NULL),
(77, 'k1hxSdqfBxiIxNIZHXiC - 77', 18, 1, '2020-06-08 16:16:37', NULL),
(78, 'GrQyoMwPMcjcaDY0RfmS - 78', 11, 0, '2020-06-08 16:16:37', NULL),
(79, 'q2BN1dEMfUI7XfZD45rt - 79', 40, 0, '2020-06-08 16:16:37', NULL),
(80, 'fi6pLKKnQAIlOuq3wgMA - 80', 16, 1, '2020-06-08 16:16:37', NULL),
(81, '6hIfZbKhsiPNbhiy7JeC - 81', 33, 1, '2020-06-08 16:16:37', NULL),
(82, 'aYBF4C5cwriJ39aiRmC1 - 82', 33, 1, '2020-06-08 16:16:37', NULL),
(83, 'ixzREefIhmusUh77DtwK - 83', 26, 0, '2020-06-08 16:16:37', NULL),
(84, 'lxoMKtZf86XlH8qdZ4TW - 84', 30, 1, '2020-06-08 16:16:37', NULL),
(85, 'IVZKIs1zRSAZr71RciJU - 85', 40, 0, '2020-06-08 16:16:38', NULL),
(86, 'XfOfDkIRLPJ3q4x6LMO4 - 86', 47, 0, '2020-06-08 16:16:38', NULL),
(87, '8V0TtZPeiOSgdOw8FQWx - 87', 42, 0, '2020-06-08 16:16:38', NULL),
(88, 'JO01CmgWQFgRPAC9TRJx - 88', 39, 0, '2020-06-08 16:16:38', NULL),
(89, '0bz7um1IRn9ENKBbxllf - 89', 25, 1, '2020-06-08 16:16:38', NULL),
(90, 'RSoY8HudEYQl1ae2pNLw - 90', 30, 1, '2020-06-08 16:16:38', NULL),
(91, 'A0Ug5ck1Ql1wLS2PfGXR - 91', 20, 0, '2020-06-08 16:16:38', NULL),
(92, 'RBeztoHVOItTpU6q8ENo - 92', 21, 1, '2020-06-08 16:16:38', NULL),
(93, 'eVh3kF6gXcvX1byEUpdd - 93', 35, 0, '2020-06-08 16:16:38', NULL),
(94, 'UcRGjpm2HrXyklDL6Q7E - 94', 27, 1, '2020-06-08 16:16:38', NULL),
(95, 'B6s93HQN9WP1zthWebUr - 95', 45, 0, '2020-06-08 16:16:38', NULL),
(96, 'ZLC0JaEF2KHoQXyfBvYi - 96', 22, 1, '2020-06-08 16:16:38', NULL),
(97, 'e5yQ4pzW2rV1MObrm7Xy - 97', 3, 1, '2020-06-08 16:16:38', NULL),
(98, 'njDXu9bjRaORnGeFejjk - 98', 35, 1, '2020-06-08 16:16:38', NULL),
(99, 'PL51jFf7mtEKkwd993o9 - 99', 8, 1, '2020-06-08 16:16:38', NULL),
(100, 'fGiSh8HoYNvm7AW9FWQG - 100', 36, 0, '2020-06-08 16:16:38', NULL),
(101, 'HlEOw31WsjTGkNca5mEV - 101', 7, 0, '2020-06-08 16:16:38', NULL),
(102, 'cxqeUbZhUpeymvgv3cBk - 102', 12, 0, '2020-06-08 16:16:38', NULL),
(103, 'ZSgCBaKgtvWca1vfhVdU - 103', 8, 0, '2020-06-08 16:16:38', NULL),
(104, 'PhJwubRdJjwtRVnL8mTQ - 104', 17, 0, '2020-06-08 16:16:38', NULL),
(105, 'N7IAOJ1ywWJoQAqcIAh6 - 105', 11, 1, '2020-06-08 16:16:38', NULL),
(106, 'PvqXyYPmRDe7xDb8R1Ul - 106', 7, 1, '2020-06-08 16:16:38', NULL),
(107, 'LAiPaaYyvoy1c8t25uoQ - 107', 44, 0, '2020-06-08 16:16:38', NULL),
(108, '0uZQUBDWkbA7ppyDNmme - 108', 26, 1, '2020-06-08 16:16:38', NULL),
(109, 'FqbRNtyVOOGde3HvcCVv - 109', 18, 1, '2020-06-08 16:16:38', NULL),
(110, 'IxupVcPfLjhTTGxliyjD - 110', 9, 1, '2020-06-08 16:16:39', NULL),
(111, '8ZNoogL93824rOlL1gpT - 111', 46, 0, '2020-06-08 16:16:39', NULL),
(112, 'gIsiNFWw6XlodPJkx8rK - 112', 8, 0, '2020-06-08 16:16:39', NULL),
(113, 'RpalpS2bgwOHomG2ZG58 - 113', 14, 1, '2020-06-08 16:16:39', NULL),
(114, 'fP4qScBeR28KwS2LsKye - 114', 22, 1, '2020-06-08 16:16:39', NULL),
(115, 'QivJAmGAo2xahnxsFdFv - 115', 11, 0, '2020-06-08 16:16:39', NULL),
(116, 'z959MXsIkHTd3pMcMu96 - 116', 11, 1, '2020-06-08 16:16:39', NULL),
(117, 'pe5zku2C1ELqid9sDyqe - 117', 2, 1, '2020-06-08 16:16:39', NULL),
(118, 'Vr4StDMP7NKWB5f7wmHw - 118', 8, 0, '2020-06-08 16:16:39', NULL),
(119, '49fGiaylvfkF9crqyAdm - 119', 20, 1, '2020-06-08 16:16:39', NULL),
(120, 'Dhbjak2m1TtLfBgwnnjf - 120', 1, 1, '2020-06-08 16:16:39', NULL),
(121, 'UW1riqdEsWxCZ1YJ48iI - 121', 38, 1, '2020-06-08 16:16:39', NULL),
(122, 'qAuVhRsAVJdNDz3uZv5V - 122', 42, 1, '2020-06-08 16:16:39', NULL),
(123, 'jDhbj0Xes5UwoFKikgPu - 123', 20, 1, '2020-06-08 16:16:39', NULL),
(124, '4R7H2KjyOMnBzSkBLhta - 124', 32, 0, '2020-06-08 16:16:39', NULL),
(125, 'qL7N6C7ULh22GAn2Pn4r - 125', 7, 1, '2020-06-08 16:16:39', NULL),
(126, 'rtDQdbddwhvgBiGr6zAx - 126', 19, 0, '2020-06-08 16:16:39', NULL),
(127, 'eiP36YcKI5ImQ3MP7wLd - 127', 17, 1, '2020-06-08 16:16:39', NULL),
(128, 'AuCj331TeVPi3pXdoSWL - 128', 34, 1, '2020-06-08 16:16:39', NULL),
(129, 'vi0DDBD9QaJ8dVZNjhq5 - 129', 25, 0, '2020-06-08 16:16:39', NULL),
(130, 'aX5e6FOZBvkZB1gLTjQt - 130', 32, 1, '2020-06-08 16:16:39', NULL),
(131, 'rg5uHP7zDjf2jnqNVotI - 131', 48, 1, '2020-06-08 16:16:39', NULL),
(132, 'dTgf6tk14LjiDAu6v2OI - 132', 5, 1, '2020-06-08 16:16:39', NULL),
(133, 'RMNwXaAoQWGPTCXip1kY - 133', 16, 0, '2020-06-08 16:16:39', NULL),
(134, 'IDkckDUy7gPAYB72v45z - 134', 31, 0, '2020-06-08 16:16:39', NULL),
(135, 'Fm2XrbVLyjOud4yvKUMD - 135', 10, 1, '2020-06-08 16:16:40', NULL),
(136, 'dvWryJ3ZqWG6uGIq1oZw - 136', 38, 1, '2020-06-08 16:16:40', NULL),
(137, 'KeotIcLz0mPU4sB60kkm - 137', 1, 0, '2020-06-08 16:16:40', NULL),
(138, 'Ons1kWzqudGV5AlUO9pj - 138', 5, 1, '2020-06-08 16:16:40', NULL),
(139, 'E0cC1tTZF5iQvLNcwCeh - 139', 21, 1, '2020-06-08 16:16:40', NULL),
(140, 'TKi3sU2ACov2wW1pfax7 - 140', 37, 0, '2020-06-08 16:16:40', NULL),
(141, '3BJUQ8JkWoIO7KZwjnFi - 141', 36, 0, '2020-06-08 16:16:40', NULL),
(142, 'tSSoYK6edkYQXomO21Zj - 142', 31, 1, '2020-06-08 16:16:40', NULL),
(143, 'PFeyZnhRDkPlmp5Fom23 - 143', 5, 0, '2020-06-08 16:16:40', NULL),
(144, 'VDUKfE1hMwAn46GjQTXH - 144', 46, 1, '2020-06-08 16:16:40', NULL),
(145, 'iOLgpYBRMrYky1o8drB4 - 145', 46, 1, '2020-06-08 16:16:40', NULL),
(146, '0TjlZmI2VDcj6D3LURUP - 146', 33, 1, '2020-06-08 16:16:40', NULL),
(147, 'u2852RwiPxXNYBb9Jm4A - 147', 46, 1, '2020-06-08 16:16:40', NULL),
(148, 'PNCrZfa0sDBlY4LAM2M2 - 148', 32, 1, '2020-06-08 16:16:40', NULL),
(149, '7zeazYf3QkFKK79IB6cn - 149', 13, 0, '2020-06-08 16:16:40', NULL),
(150, '2XldScq2QvKLyCiehqaV - 150', 7, 1, '2020-06-08 16:16:40', NULL),
(151, 'IHIHMUHirusKpb1OIpPP - 151', 23, 0, '2020-06-08 16:16:40', NULL),
(152, 'uAWkeToYetcDwhpaakO4 - 152', 2, 0, '2020-06-08 16:16:40', NULL),
(153, '5cOiYu2kUDJtQWoCwJcs - 153', 10, 1, '2020-06-08 16:16:40', NULL),
(154, 'EavCpNvf2plbkrpnlCjC - 154', 30, 1, '2020-06-08 16:16:40', NULL),
(155, 'ODC7AdLUvCvgXEzywDOz - 155', 43, 0, '2020-06-08 16:16:40', NULL),
(156, 'fSSJ7vJQTPgbNMPDg0Tx - 156', 38, 0, '2020-06-08 16:16:40', NULL),
(157, '7zTQCjN7pRBMfNTxnyW2 - 157', 21, 1, '2020-06-08 16:16:40', NULL),
(158, '0al1w3au6pacAfOX3VJ6 - 158', 36, 1, '2020-06-08 16:16:40', NULL),
(159, 'eMIzaq0FtAcbBvIi3ICV - 159', 2, 1, '2020-06-08 16:16:41', NULL),
(160, 'VuJAROIFY4jLjBrGUm6O - 160', 41, 0, '2020-06-08 16:16:41', NULL),
(161, 'YEMextITWHMwOKLacNRj - 161', 31, 1, '2020-06-08 16:16:41', NULL),
(162, 'oPiD6KLi9KP50O47kYcO - 162', 44, 0, '2020-06-08 16:16:41', NULL),
(163, 'ubolfiLOXPsMvd8PxqDX - 163', 40, 0, '2020-06-08 16:16:41', NULL),
(164, 'hgrfBJK9fdUVk9zMjsHf - 164', 19, 1, '2020-06-08 16:16:41', NULL),
(165, 'QP6dfyURa0F089j12AOL - 165', 36, 1, '2020-06-08 16:16:41', NULL),
(166, 'UHO5m11SFPLDwJblP0Nt - 166', 44, 1, '2020-06-08 16:16:41', NULL),
(167, 'exISR2dH0bSxXd4MR0oS - 167', 46, 0, '2020-06-08 16:16:41', NULL),
(168, 'qW8OvzxkIaUWe8gAnPjv - 168', 5, 1, '2020-06-08 16:16:41', NULL),
(169, 'gDFDKVzuAdjubCHt6Z0h - 169', 11, 1, '2020-06-08 16:16:41', NULL),
(170, '42DOuNNh1oEiRNMkcQg2 - 170', 22, 0, '2020-06-08 16:16:41', NULL),
(171, 'lPWTXPnDHFg6yl6xSksH - 171', 9, 1, '2020-06-08 16:16:41', NULL),
(172, '6VXc0pY4fBglSiLbu3LR - 172', 7, 0, '2020-06-08 16:16:41', NULL),
(173, 'gEmbxFMdZg4nGKkgTA2R - 173', 37, 1, '2020-06-08 16:16:41', NULL),
(174, 'ucxr6YgeLjm0zYww0Se3 - 174', 45, 1, '2020-06-08 16:16:41', NULL),
(175, 'yqhqrOWSizY51JPWw0yR - 175', 26, 1, '2020-06-08 16:16:41', NULL),
(176, 'gdhhFSJ3JWywpzHACpdd - 176', 23, 0, '2020-06-08 16:16:41', NULL),
(177, 'PVqdPaw0iLCRkJAC8d9s - 177', 15, 0, '2020-06-08 16:16:41', NULL),
(178, 'E1Eu4rgMDNGJ0q3Npe01 - 178', 11, 1, '2020-06-08 16:16:41', NULL),
(179, 'vdaog6Z58BCzSt0PD2vI - 179', 33, 1, '2020-06-08 16:16:41', NULL),
(180, 'JBxtAki9XF0t1IgtkgqR - 180', 29, 1, '2020-06-08 16:16:41', NULL),
(181, 'KDREHrFoISn06xPjibw4 - 181', 43, 0, '2020-06-08 16:16:41', NULL),
(182, 'xSyfbjXhA3kFTG23v8Zb - 182', 15, 0, '2020-06-08 16:16:41', NULL),
(183, 'BnTMFd2mhFrmjbyEr8Gd - 183', 12, 0, '2020-06-08 16:16:41', NULL),
(184, 'bAOK5I6RE6LvUZoLUb4y - 184', 35, 1, '2020-06-08 16:16:42', NULL),
(185, 'BGEtC7hoK2ROz5NkQFdY - 185', 21, 1, '2020-06-08 16:16:42', NULL),
(186, 'XT3G10smkHcnyyDPPutb - 186', 9, 1, '2020-06-08 16:16:42', NULL),
(187, 'olYa6B2MhNVHoMqSqfhR - 187', 27, 1, '2020-06-08 16:16:42', NULL),
(188, '6ppe1MUHOfYPGM6dEuh6 - 188', 42, 1, '2020-06-08 16:16:42', NULL),
(189, 'Nt4mtZBvfQTOKUwuLl0D - 189', 48, 1, '2020-06-08 16:16:42', NULL),
(190, 'MDQ1DDe4S1o7UKhyPM8v - 190', 35, 1, '2020-06-08 16:16:42', NULL),
(191, '9ZC8aq9HTzoKz6SEAp34 - 191', 33, 1, '2020-06-08 16:16:42', NULL),
(192, 'MuMGtqfbuJs3Z3L0fDm1 - 192', 22, 1, '2020-06-08 16:16:42', NULL),
(193, 'KNJ8VTznsPExziK8gbxU - 193', 46, 0, '2020-06-08 16:16:42', NULL),
(194, 'wyygVB2yhm5b1zo4sfHQ - 194', 21, 0, '2020-06-08 16:16:42', NULL),
(195, '8dq5rATZZTyWdJ5YbCBQ - 195', 21, 1, '2020-06-08 16:16:42', NULL),
(196, '46TfU3bYzBxNRlXYdE0K - 196', 48, 1, '2020-06-08 16:16:42', NULL),
(197, 'RJn1BEk3sFPVI7AGYVa7 - 197', 33, 1, '2020-06-08 16:16:42', NULL),
(198, 'ptsffh7F5rewzdQmbSLO - 198', 8, 1, '2020-06-08 16:16:42', NULL),
(199, 'xM7dGtJMlymQrFI9fsxm - 199', 48, 1, '2020-06-08 16:16:42', NULL),
(200, 'bVM5gg45XLktNChGI4qG - 200', 37, 0, '2020-06-08 16:16:42', NULL),
(201, 'oRjSqD3iJ28mgmbXwFTY - 201', 16, 1, '2020-06-08 16:16:42', NULL),
(202, '3jVrMgcCUUq0pXIa1Hmy - 202', 20, 0, '2020-06-08 16:16:42', NULL),
(203, 'IaKv1kY8tuNojAKG1Nry - 203', 17, 0, '2020-06-08 16:16:42', NULL),
(204, 'KxHJD79nfl29l3moV8cD - 204', 23, 0, '2020-06-08 16:16:42', NULL),
(205, 'RfUisoLp59UE6ByM8BIK - 205', 46, 0, '2020-06-08 16:16:42', NULL),
(206, '6BteiuKMARGfTVHLmLhb - 206', 12, 0, '2020-06-08 16:16:42', NULL),
(207, '1v44nM5mkVlsyh5z50nv - 207', 47, 1, '2020-06-08 16:16:42', NULL),
(208, '5VVHxnTA7fwsfoldnBFK - 208', 41, 1, '2020-06-08 16:16:43', NULL),
(209, 'sUbX9TJVv7Oe1KWZds4g - 209', 20, 1, '2020-06-08 16:16:43', NULL),
(210, 'OiIxvrwghZXoX6GKvhKe - 210', 3, 0, '2020-06-08 16:16:43', NULL),
(211, 'DcEU1RKi7qGV5kPGPP6M - 211', 21, 0, '2020-06-08 16:16:43', NULL),
(212, 'Sh505G3ZcuwSARNuoz3b - 212', 2, 0, '2020-06-08 16:16:43', NULL),
(213, 'IRXukaniCIYLufb1moyS - 213', 47, 1, '2020-06-08 16:16:43', NULL),
(214, 'HPQygLKfsTp3Nm9we2AG - 214', 29, 1, '2020-06-08 16:16:43', NULL),
(215, 'cZIP3QFMkdHZTo7vpAPA - 215', 18, 1, '2020-06-08 16:16:43', NULL),
(216, '0iGgQpLfW4UJJLwyoOmm - 216', 23, 0, '2020-06-08 16:16:43', NULL),
(217, 'xTI6rYmtIMrx8q0jx8ux - 217', 47, 0, '2020-06-08 16:16:43', NULL),
(218, 'VoO3a8bwprXCaVGqvbSJ - 218', 42, 1, '2020-06-08 16:16:43', NULL),
(219, 'bZgTJsgERHERyQeEHv2i - 219', 42, 0, '2020-06-08 16:16:43', NULL),
(220, '8sDE924s5BzqZmFliG6C - 220', 38, 0, '2020-06-08 16:16:43', NULL),
(221, 'IzhOQwP77dUzPX8ZJ5C4 - 221', 19, 1, '2020-06-08 16:16:43', NULL),
(222, 'zQGBziliFq4E476PhYEG - 222', 5, 1, '2020-06-08 16:16:43', NULL),
(223, 'Kv28Cc9GgwOuy96ahfAe - 223', 11, 0, '2020-06-08 16:16:43', NULL),
(224, 'kMgXkKEZPZJFGOcP0DAo - 224', 33, 0, '2020-06-08 16:16:43', NULL),
(225, 'C1ojb1DNdxj0g8CNENmL - 225', 8, 1, '2020-06-08 16:16:43', NULL),
(226, 'Z9ZsO4ac3OLxnULYZehl - 226', 7, 0, '2020-06-08 16:16:43', NULL),
(227, 'bpR20ZH9pqSWDUpwnRAl - 227', 8, 1, '2020-06-08 16:16:43', NULL),
(228, 'CottsfFim1sHlOAvvUNU - 228', 9, 1, '2020-06-08 16:16:43', NULL),
(229, '0PdcBBEjPWhilQiP6ppX - 229', 49, 0, '2020-06-08 16:16:43', NULL),
(230, 'C50FOJih6bZBCTsCe9Xy - 230', 13, 0, '2020-06-08 16:16:43', NULL),
(231, '4PKmAkW0IH9vrWjUMm6g - 231', 1, 1, '2020-06-08 16:16:43', NULL),
(232, 'IFvSlE4XXvNGpecF6aCv - 232', 17, 0, '2020-06-08 16:16:44', NULL),
(233, 'M6ZKyE5OnHV0eEq8Fh5A - 233', 13, 1, '2020-06-08 16:16:44', NULL),
(234, 'oNhB4EhZhRIQLfF1dykx - 234', 15, 1, '2020-06-08 16:16:44', NULL),
(235, 'K3Hc1dEIeUC3UEpxMMDu - 235', 2, 0, '2020-06-08 16:16:44', NULL),
(236, 'hoeZ4N3CCrXEm3oCAlf7 - 236', 10, 1, '2020-06-08 16:16:44', NULL),
(237, 'XdYuFy92KyXOYTAXcGbx - 237', 11, 1, '2020-06-08 16:16:44', NULL),
(238, 'g1GUypQkmBxHBd38oLTn - 238', 42, 1, '2020-06-08 16:16:44', NULL),
(239, 'KjpspgNYwt06spaB5pCl - 239', 49, 0, '2020-06-08 16:16:44', NULL),
(240, 'u6773c6FVYi85UI8vVPs - 240', 44, 1, '2020-06-08 16:16:44', NULL),
(241, 'pX6jjegK17bn2vAdl0mR - 241', 42, 1, '2020-06-08 16:16:44', NULL),
(242, 'QijHbYDTGAcmmn5jeB7E - 242', 33, 0, '2020-06-08 16:16:44', NULL),
(243, 'vlWG1WjQe4KGvHP3uxHK - 243', 5, 0, '2020-06-08 16:16:44', NULL),
(244, 'IobHyj8nTJoxgAu36GDW - 244', 16, 0, '2020-06-08 16:16:44', NULL),
(245, 'XaUEcii5DXfSJLoQzUkX - 245', 31, 1, '2020-06-08 16:16:44', NULL),
(246, 'XaJcEctHYRLmXswcirUF - 246', 2, 0, '2020-06-08 16:16:44', NULL),
(247, 'ntWVG9UDZvfVcPsSEmOR - 247', 24, 1, '2020-06-08 16:16:44', NULL),
(248, 'DJLLRnjUYQXFJMn4RjOi - 248', 2, 1, '2020-06-08 16:16:44', NULL),
(249, 'L4RTpLVH2ZrsC3MdsdrX - 249', 20, 0, '2020-06-08 16:16:44', NULL),
(250, 'csjweOqMlCKxYtmm7qFh - 250', 30, 1, '2020-06-08 16:16:44', NULL);

-- --------------------------------------------------------

--
-- Table structure for table `shares`
--

CREATE TABLE `shares` (
  `id` int(11) NOT NULL,
  `post_id` int(11) DEFAULT NULL,
  `user_id` int(11) DEFAULT NULL
) ENGINE=InnoDB DEFAULT CHARSET=utf8;

--
-- Dumping data for table `shares`
--

INSERT INTO `shares` (`id`, `post_id`, `user_id`) VALUES
(1, 89, 44),
(2, 225, 37),
(3, 237, 22),
(4, 146, 39),
(5, 116, 8),
(6, 31, 22),
(7, 1, 20),
(8, 196, 16),
(9, 221, 17),
(10, 147, 22),
(11, 141, 36),
(12, 223, 47),
(13, 210, 8),
(14, 44, 35),
(15, 172, 1),
(16, 143, 40),
(17, 71, 30),
(18, 243, 13),
(19, 179, 36),
(20, 8, 30),
(21, 156, 41),
(22, 150, 43),
(23, 213, 4),
(24, 79, 35),
(25, 244, 36),
(26, 80, 35),
(27, 32, 27),
(28, 163, 38),
(29, 185, 1),
(30, 175, 43),
(31, 237, 16),
(32, 174, 26),
(33, 161, 40),
(34, 230, 13),
(35, 144, 17),
(36, 241, 19),
(37, 190, 19),
(38, 6, 25),
(39, 53, 8),
(40, 180, 10),
(41, 123, 7),
(42, 44, 35),
(43, 63, 37),
(44, 107, 34),
(45, 148, 48),
(46, 62, 7),
(47, 234, 49),
(48, 162, 41),
(49, 178, 31),
(50, 83, 32),
(51, 79, 24),
(52, 39, 5),
(53, 51, 25),
(54, 28, 3),
(55, 58, 27),
(56, 166, 19),
(57, 166, 3),
(58, 73, 20),
(59, 118, 41),
(60, 2, 41),
(61, 237, 38),
(62, 98, 48),
(63, 27, 37),
(64, 238, 16),
(65, 89, 4),
(66, 150, 4),
(67, 165, 5),
(68, 99, 37),
(69, 53, 11),
(70, 120, 12),
(71, 48, 17),
(72, 237, 30),
(73, 50, 27),
(74, 158, 29),
(75, 135, 9),
(76, 54, 7),
(77, 44, 12),
(78, 150, 49),
(79, 110, 48),
(80, 237, 30),
(81, 113, 46),
(82, 166, 45),
(83, 12, 41),
(84, 235, 7),
(85, 181, 33),
(86, 37, 8),
(87, 105, 21),
(88, 16, 43),
(89, 33, 20),
(90, 69, 41),
(91, 171, 27),
(92, 93, 19),
(93, 221, 38),
(94, 198, 49),
(95, 10, 48),
(96, 112, 11),
(97, 150, 22),
(98, 139, 35),
(99, 159, 17),
(100, 4, 20),
(101, 110, 27),
(102, 26, 31),
(103, 192, 12),
(104, 211, 41),
(105, 134, 49),
(106, 119, 20),
(107, 37, 49),
(108, 169, 44),
(109, 5, 2),
(110, 1, 21),
(111, 169, 49),
(112, 170, 45),
(113, 107, 14),
(114, 230, 17),
(115, 165, 10),
(116, 16, 37),
(117, 158, 25),
(118, 191, 36),
(119, 139, 29),
(120, 141, 36),
(121, 81, 43),
(122, 88, 28),
(123, 182, 1),
(124, 12, 16),
(125, 197, 39),
(126, 131, 25),
(127, 127, 5),
(128, 97, 8),
(129, 241, 13),
(130, 218, 26),
(131, 107, 1),
(132, 146, 9),
(133, 165, 7),
(134, 157, 37),
(135, 21, 13),
(136, 164, 33),
(137, 144, 18),
(138, 125, 41),
(139, 59, 26),
(140, 22, 24),
(141, 49, 7),
(142, 119, 48),
(143, 238, 20),
(144, 108, 1),
(145, 231, 14),
(146, 70, 38),
(147, 135, 25),
(148, 140, 1),
(149, 172, 33),
(150, 94, 14),
(151, 156, 3),
(152, 10, 43),
(153, 247, 10),
(154, 167, 17),
(155, 133, 4),
(156, 23, 21),
(157, 245, 9),
(158, 85, 28),
(159, 150, 19),
(160, 236, 13),
(161, 175, 48),
(162, 99, 25),
(163, 131, 18),
(164, 93, 49),
(165, 241, 11),
(166, 167, 41),
(167, 210, 36),
(168, 147, 19),
(169, 218, 16),
(170, 41, 32),
(171, 101, 13),
(172, 86, 25),
(173, 19, 34),
(174, 173, 47),
(175, 1, 25),
(176, 155, 4),
(177, 94, 3),
(178, 11, 7),
(179, 82, 32),
(180, 32, 17),
(181, 175, 39),
(182, 14, 32),
(183, 165, 21),
(184, 74, 36),
(185, 177, 10),
(186, 156, 26),
(187, 109, 23),
(188, 111, 29),
(189, 229, 49),
(190, 187, 12),
(191, 57, 42),
(192, 239, 23),
(193, 216, 28),
(194, 213, 33),
(195, 223, 35),
(196, 25, 31),
(197, 147, 41),
(198, 215, 7),
(199, 73, 42),
(200, 142, 21),
(201, 233, 13),
(202, 158, 37),
(203, 25, 27),
(204, 36, 33),
(205, 154, 18),
(206, 2, 32),
(207, 48, 44),
(208, 223, 45),
(209, 151, 23),
(210, 26, 22),
(211, 231, 12),
(212, 9, 34),
(213, 237, 29),
(214, 122, 7),
(215, 69, 28),
(216, 125, 6),
(217, 152, 1),
(218, 148, 46),
(219, 172, 33),
(220, 112, 13),
(221, 193, 20),
(222, 208, 35),
(223, 97, 4),
(224, 176, 46),
(225, 100, 30),
(226, 143, 44),
(227, 176, 47),
(228, 131, 1),
(229, 96, 6),
(230, 68, 34),
(231, 43, 34),
(232, 76, 30),
(233, 118, 14),
(234, 246, 14),
(235, 67, 1),
(236, 123, 42),
(237, 206, 37),
(238, 40, 35),
(239, 68, 20),
(240, 235, 26),
(241, 116, 15),
(242, 15, 34),
(243, 43, 12),
(244, 83, 45),
(245, 12, 22),
(246, 249, 20),
(247, 64, 47),
(248, 20, 4),
(249, 156, 49),
(250, 75, 12);

-- --------------------------------------------------------

--
-- Table structure for table `users`
--

CREATE TABLE `users` (
  `id` int(11) NOT NULL,
  `email` varchar(50) DEFAULT NULL,
  `firstname` varchar(50) DEFAULT NULL,
  `lastname` varchar(50) DEFAULT NULL,
  `created_at` datetime DEFAULT CURRENT_TIMESTAMP,
  `updated_at` datetime DEFAULT NULL ON UPDATE CURRENT_TIMESTAMP
) ENGINE=InnoDB DEFAULT CHARSET=utf8;

--
-- Dumping data for table `users`
--

INSERT INTO `users` (`id`, `email`, `firstname`, `lastname`, `created_at`, `updated_at`) VALUES
(1, 'mvJkULnFRI@mail.com', 'P47kJ7vLD8', 'vhIAxGXW67', '2020-06-08 15:43:57', NULL),
(2, 'pSwA3fdmIH@mail.com', 'AjcGJtJfQS', '3JnoAeQDjA', '2020-06-08 15:43:57', NULL),
(3, 'vKHQ9D7Uh2@mail.com', 'gHTg4TEYVd', 'oLGRP6sTad', '2020-06-08 15:43:57', NULL),
(4, 'OjhVkiL9vE@mail.com', 'twyLvGZmmu', '00a5w0C2fy', '2020-06-08 15:43:57', NULL),
(5, 's4jPuyHaSl@mail.com', 'M81STRMcmO', '8rPONn8Qgx', '2020-06-08 15:43:57', NULL),
(6, 'KAA6wZJORK@mail.com', 'XSfFg7tvg9', 'Vq7kYMnTF5', '2020-06-08 15:43:57', NULL),
(7, 'mUymjCqB7N@mail.com', 'dkzvNQpzaP', 'TLi9DRsmXS', '2020-06-08 15:43:57', NULL),
(8, 'k4x63HKMVJ@mail.com', 'NM2oVrbJgn', 'jsBcOkU8Oj', '2020-06-08 15:43:57', NULL),
(9, '94UhBqYG5i@mail.com', 'LHrba8ainB', 'Yhu75M5o2b', '2020-06-08 15:43:57', NULL),
(10, '49AAr4IaCQ@mail.com', 'Bad4vSaWO5', 'zd1vA5c0gE', '2020-06-08 15:43:57', NULL),
(11, 'HbqkrdEgtO@mail.com', 'FvuwK0y5RP', '7ynm2RgC6U', '2020-06-08 15:43:57', NULL),
(12, 'kuF3j4Dbuh@mail.com', 'y6DCzc4bCi', 'gtOHnKYYKZ', '2020-06-08 15:43:57', NULL),
(13, 'H6BelSC9zC@mail.com', '4AuvDcdueL', '7yKo3NQ9nn', '2020-06-08 15:43:57', NULL),
(14, 'Ml6pzR5wVx@mail.com', 'sG6svmXmD1', 'BliYuIx9Nb', '2020-06-08 15:43:57', NULL),
(15, 'fIXIOklcb3@mail.com', 'NlNy28j7ou', 'cFrcRgfGUX', '2020-06-08 15:43:57', NULL),
(16, 'fGudmSWgs0@mail.com', 'lRyQLJHT6r', 'DoAqz0EDP2', '2020-06-08 15:43:57', NULL),
(17, 'YzE71YRPt8@mail.com', 'mx4dGAHQ8X', 'xagen3IaJy', '2020-06-08 15:43:57', NULL),
(18, 'LiO1Offcql@mail.com', '9czY8iBPEQ', 'lMU0BJ3BLR', '2020-06-08 15:43:57', NULL),
(19, 'xGzCLECQhD@mail.com', 'MlAMEk1WtI', 'fvXJsDoukA', '2020-06-08 15:43:57', NULL),
(20, 'ZooW7WQZOX@mail.com', '8OCJYZ2dfy', 'mNmr4tbVHl', '2020-06-08 15:43:57', NULL),
(21, 'jdA6OJrnYC@mail.com', '799hqn1ks0', 'orGrwQ5vDx', '2020-06-08 15:43:57', NULL),
(22, 'ezQHk2yzXU@mail.com', 'Tvk7LWY4Ep', 'JMCH7hNVO8', '2020-06-08 15:43:57', NULL),
(23, 'kvVJ2z7JyN@mail.com', 'HzSbr1CV0X', 'lAL2z4i6hp', '2020-06-08 15:43:57', NULL),
(24, 'DhKIxzEODl@mail.com', '5O16wxOk6P', '5oBneSdKtR', '2020-06-08 15:43:57', NULL),
(25, 'YWIBFSnoQx@mail.com', 'AumMkDpLsB', '6jpyeGceag', '2020-06-08 15:43:57', NULL),
(26, 'DsFe8cAMz3@mail.com', 'CT0W327iT0', '9UfUwH6tGP', '2020-06-08 15:43:57', NULL),
(27, 'N7SpsVQdU1@mail.com', 'k9My01P4rQ', 'rScUrMhRf4', '2020-06-08 15:43:57', NULL),
(28, '65DE07nq6C@mail.com', '3wZTuREtSu', 'iNQoyBzl8y', '2020-06-08 15:43:57', NULL),
(29, 'xeXNnzmuvI@mail.com', 'TFlf9pjLth', 'lrWCzh4szc', '2020-06-08 15:43:57', NULL),
(30, 'NDvcjfIqBi@mail.com', 'PYl9BToYqJ', 'cJMZ6k1Kfx', '2020-06-08 15:43:57', NULL),
(31, '2qiXtsaFtp@mail.com', 'wsyZI6rpwA', 'lXrRtAgPxk', '2020-06-08 15:43:57', NULL),
(32, 'LPCYVIM4t1@mail.com', 'nFcdMShn6Z', 'C4ZGg1Qk9p', '2020-06-08 15:43:57', NULL),
(33, '2sESJXwjFc@mail.com', 'B9whtQPcb5', 'rrk38X5e8f', '2020-06-08 15:43:57', NULL),
(34, 'lJ3DhWKFKe@mail.com', 'NH9wgTToR0', 'rD8PyYesIZ', '2020-06-08 15:43:57', NULL),
(35, 'WH7LXPL2Ta@mail.com', 'SZZwiK4n7G', 'a00oDkEmdS', '2020-06-08 15:43:57', NULL),
(36, 'h7NVJ4rodE@mail.com', 'tVdbq22A97', 'wjAG5718Mh', '2020-06-08 15:43:57', NULL),
(37, 'PSekVWNI6v@mail.com', 'qxbp57Hien', 'G3s92vfnE6', '2020-06-08 15:43:57', NULL),
(38, 'nbKUQT08Mi@mail.com', 'ujZL2DUTD3', 'jESu7V97Uq', '2020-06-08 15:43:57', NULL),
(39, 'josDbcXqll@mail.com', 'HGkzXpVbWA', 'nZWJ5onhXh', '2020-06-08 15:43:57', NULL),
(40, 'zZZAjjcjGc@mail.com', 'IxnPVVoWUB', 'Vgel6SPVsb', '2020-06-08 15:43:57', NULL),
(41, 'bjjA3keAPT@mail.com', '9Q0DWBxccu', 'fESE20dN1l', '2020-06-08 15:43:57', NULL),
(42, 'sUHKaGkYpV@mail.com', 'Amb3JuVAsl', 'LVl9ixdyTC', '2020-06-08 15:43:57', NULL),
(43, 'HC7Ojf1nIw@mail.com', 'IU9HyG6MHD', 'dqMzaawgoL', '2020-06-08 15:43:57', NULL),
(44, 'AaRshBydet@mail.com', 'In01w0kc2e', '8HJUP3f01T', '2020-06-08 15:43:57', NULL),
(45, '4mCgVkIRtK@mail.com', 'AubBfLPQb0', 'wu0Y3citBU', '2020-06-08 15:43:57', NULL),
(46, 'Q7rYoIVVzN@mail.com', 'suNeKh5bLL', 'CMseUMMKw1', '2020-06-08 15:43:57', NULL),
(47, 'ULZq1CEde3@mail.com', 'm4niuqjA6q', 'Lbk6AwUVMM', '2020-06-08 15:43:57', NULL),
(48, 'gofwtchri3@mail.com', '0SulNQpKe2', 'OxZXnDBPkT', '2020-06-08 15:43:57', NULL),
(49, '7QZ7bxcKW1@mail.com', 'vGPoL2xy4D', 'MWmfovjLqr', '2020-06-08 15:43:57', NULL),
(50, 'eJXJKYyQDL@mail.com', '2nbum3moYx', '3dd0zW3fm1', '2020-06-08 15:43:57', NULL),
(51, 'rwmKbgHJqu@mail.com', 'fQz9S8stnM', 'Paq8SbWr0m', '2020-06-08 15:44:15', NULL),
(52, 'cMD9KgidMW@mail.com', 'g89XUOL7Jp', 'pNFwWYqvBC', '2020-06-08 15:44:15', NULL),
(53, 'A91r6HwED7@mail.com', 'gTUN7Wr0CC', 'yK2boSsa4I', '2020-06-08 15:44:15', NULL),
(54, 'SMNjSKMsYy@mail.com', 's6PB0IuQ9D', '3kxxCu29eV', '2020-06-08 15:44:15', NULL),
(55, 'XRFZ3fWGro@mail.com', 'E8Dl5gXzV1', 'OyzgX8iDDO', '2020-06-08 15:44:15', NULL),
(56, 'XeoQC90BRQ@mail.com', 'niYhb2ASO7', 'JlYytiVuy0', '2020-06-08 15:44:15', NULL),
(57, 'M0XYInJRim@mail.com', 'LDqYNNySZP', 'C0U5iXp3iw', '2020-06-08 15:44:15', NULL),
(58, 'TKkgw3iHnv@mail.com', 'YT0S7kOBoC', 'QadgI3igN0', '2020-06-08 15:44:15', NULL),
(59, 'nIOXUgyyMT@mail.com', 'EpEW1vwMsq', '9Rp0WQoHfR', '2020-06-08 15:44:15', NULL),
(60, 'F1ZEYDc3pC@mail.com', 'AyLisf4ZYK', 'O1aaCYdQec', '2020-06-08 15:44:15', NULL),
(61, 'XxoBD0iWw1@mail.com', 'ZizQNLqhb7', 'rDP1JzMbXJ', '2020-06-08 15:44:15', NULL),
(62, 'YlNJXP5YUe@mail.com', 'DZORNpzkkE', 'A26hqoAP4z', '2020-06-08 15:44:15', NULL),
(63, 'uKnXyJbCzR@mail.com', 'bbtUTKNg7J', 'NevoeD8fvu', '2020-06-08 15:44:15', NULL),
(64, 'FRHydEZ07U@mail.com', 'S4ntWkAPo3', '2vt5MVLLGg', '2020-06-08 15:44:15', NULL),
(65, 'N0az9xBgrd@mail.com', 'hqW4uOAFev', 'ceOPEJoX5j', '2020-06-08 15:44:15', NULL),
(66, 'FnabgEadrT@mail.com', 'pJHjYjpn5f', 'MksqICvZLp', '2020-06-08 15:44:15', NULL),
(67, 'MeLzk3KA36@mail.com', 'JBgnDU22O2', 'iUpjuwLnpL', '2020-06-08 15:44:15', NULL),
(68, 'IVPu1n5dUE@mail.com', '9X3rv1wryu', 'u0dEXlwRio', '2020-06-08 15:44:15', NULL),
(69, 'd8biEadJ06@mail.com', 'krnDJRGiHX', 'SfbEbLN3qu', '2020-06-08 15:44:15', NULL),
(70, 'BHKZbRqOFm@mail.com', 'u3JyyRYAQ7', 'XT7v1dTnX2', '2020-06-08 15:44:15', NULL),
(71, 'wY5mlAutLY@mail.com', 'EIuj59IOzi', 'xoctW9Lja2', '2020-06-08 15:44:15', NULL),
(72, 'PLGqQXmVQj@mail.com', 'QeoiDSK3mI', '2b8Ua65Ijm', '2020-06-08 15:44:15', NULL),
(73, 'vgHGTF0Ah2@mail.com', 'CmmAYdonTv', 'JXTvrP325K', '2020-06-08 15:44:15', NULL),
(74, 'bW7lbMiXQK@mail.com', 'uw1l5Bv3Is', 'oHIIKLRrAn', '2020-06-08 15:44:15', NULL),
(75, 'byTQtS9kD3@mail.com', 'bbVoMpA9jW', 'ejYtVkngJH', '2020-06-08 15:44:15', NULL),
(76, 'io5y8k5Nku@mail.com', 'BrxUP2CJJJ', 'N1ARM6soAV', '2020-06-08 15:44:15', NULL),
(77, 'SyX7x4AAak@mail.com', 'hYqTfUgYSe', '4vwN24pq8l', '2020-06-08 15:44:15', NULL),
(78, 'LksnhtD6G3@mail.com', 'K7edfcoxx8', 'OYKmsAod6U', '2020-06-08 15:44:15', NULL),
(79, 'uc6xw4paQv@mail.com', 't5uqXmg08U', 'YOCzihLpMj', '2020-06-08 15:44:15', NULL),
(80, '4DrN7kZhYd@mail.com', 'Q1vB2uD9js', 'UgyGUXjT3n', '2020-06-08 15:44:15', NULL),
(81, '8zI1f4zAK6@mail.com', 'hn3QuBQJ5z', 'LgOmOVfEmr', '2020-06-08 15:44:15', NULL),
(82, 'jMtzv4ljFL@mail.com', '4x7mp2sPAK', 'ISvvg5KTdr', '2020-06-08 15:44:15', NULL),
(83, 'Xlg7m3q9dU@mail.com', '1bW2xmF0qH', 's2xJ3FWna2', '2020-06-08 15:44:15', NULL),
(84, '22NSk4mQGK@mail.com', 'k1U6bKHIp5', 'K8swSRUh3n', '2020-06-08 15:44:15', NULL),
(85, 'AxJHH9Fmw2@mail.com', 'oerw2HUhNR', 'F8DyH27VoG', '2020-06-08 15:44:15', NULL),
(86, 'nnRp9QvXzR@mail.com', 'QhnPlTKWMS', 'OvumfMgWMu', '2020-06-08 15:44:15', NULL),
(87, 'becVaU4Cx0@mail.com', 'atjeRg7WCW', '10O8ASZGCe', '2020-06-08 15:44:15', NULL),
(88, 'ufRZ7MjoLv@mail.com', 'sBZQCvz99T', 'hEawLAaxyN', '2020-06-08 15:44:15', NULL),
(89, 'YDOOY3OHd7@mail.com', 'VO5Lfy8xP3', 'qRlBfKkZiw', '2020-06-08 15:44:15', NULL),
(90, 'ksA2xfB12U@mail.com', 'LjIrzror6f', 'Nn7Yzs1IwE', '2020-06-08 15:44:15', NULL),
(91, 'YvimjefnKi@mail.com', 'froZeCoLRF', 'yZIgMLBNZ1', '2020-06-08 15:44:15', NULL),
(92, 'E2OB48jKwA@mail.com', 'VVlDPHsfRZ', 'HUwmVejwfX', '2020-06-08 15:44:15', NULL),
(93, 'a1ylvndyuM@mail.com', '9PFyCiBefJ', 'T2JC3ErLxi', '2020-06-08 15:44:15', NULL),
(94, 'yff9UVFZfm@mail.com', 'n2AujxpTRy', 'WcmaICWu97', '2020-06-08 15:44:15', NULL),
(95, 'IgSfyzjP0v@mail.com', 'uZIWqx5oTs', 'ufVpzaT4aq', '2020-06-08 15:44:15', NULL),
(96, 'Kcif9DmHQ8@mail.com', 'SrsXOR4VuP', 'BLCux4f9uI', '2020-06-08 15:44:15', NULL),
(97, 'k0kyCL6kdG@mail.com', 'iSWTI0sqgj', '4i4zFqWUv4', '2020-06-08 15:44:15', NULL),
(98, 'wqXlFeGEGS@mail.com', '0Hk1DqR4X9', 'IimsqmWQct', '2020-06-08 15:44:15', NULL),
(99, '5pVX47uG3P@mail.com', 'rcG31h5Ukd', 'VuxYTP8wsV', '2020-06-08 15:44:15', NULL),
(100, 'NURnyhErTs@mail.com', 'X2SZlRDYMw', 'vUVvlQTPCe', '2020-06-08 15:44:15', NULL);

--
-- Indexes for dumped tables
--

--
-- Indexes for table `comments`
--
ALTER TABLE `comments`
  ADD PRIMARY KEY (`id`),
  ADD KEY `post_id` (`post_id`),
  ADD KEY `user_id` (`user_id`);

--
-- Indexes for table `follows`
--
ALTER TABLE `follows`
  ADD PRIMARY KEY (`id`),
  ADD KEY `following` (`following`),
  ADD KEY `follower` (`user_id`);

--
-- Indexes for table `hide_posts`
--
ALTER TABLE `hide_posts`
  ADD PRIMARY KEY (`id`),
  ADD KEY `post_id` (`post_id`),
  ADD KEY `user_id` (`user_id`);

--
-- Indexes for table `likes`
--
ALTER TABLE `likes`
  ADD PRIMARY KEY (`id`),
  ADD KEY `user_id` (`user_id`),
  ADD KEY `post_id` (`post_id`);

--
-- Indexes for table `posts`
--
ALTER TABLE `posts`
  ADD PRIMARY KEY (`id`),
  ADD KEY `user_id` (`user_id`);

--
-- Indexes for table `shares`
--
ALTER TABLE `shares`
  ADD PRIMARY KEY (`id`),
  ADD KEY `post_id` (`post_id`),
  ADD KEY `user_id` (`user_id`);

--
-- Indexes for table `users`
--
ALTER TABLE `users`
  ADD PRIMARY KEY (`id`);

--
-- AUTO_INCREMENT for dumped tables
--

--
-- AUTO_INCREMENT for table `comments`
--
ALTER TABLE `comments`
  MODIFY `id` int(11) NOT NULL AUTO_INCREMENT, AUTO_INCREMENT=251;
--
-- AUTO_INCREMENT for table `follows`
--
ALTER TABLE `follows`
  MODIFY `id` int(11) NOT NULL AUTO_INCREMENT, AUTO_INCREMENT=251;
--
-- AUTO_INCREMENT for table `hide_posts`
--
ALTER TABLE `hide_posts`
  MODIFY `id` int(11) NOT NULL AUTO_INCREMENT, AUTO_INCREMENT=121;
--
-- AUTO_INCREMENT for table `likes`
--
ALTER TABLE `likes`
  MODIFY `id` int(11) NOT NULL AUTO_INCREMENT, AUTO_INCREMENT=251;
--
-- AUTO_INCREMENT for table `posts`
--
ALTER TABLE `posts`
  MODIFY `id` int(11) NOT NULL AUTO_INCREMENT, AUTO_INCREMENT=251;
--
-- AUTO_INCREMENT for table `shares`
--
ALTER TABLE `shares`
  MODIFY `id` int(11) NOT NULL AUTO_INCREMENT, AUTO_INCREMENT=251;
--
-- AUTO_INCREMENT for table `users`
--
ALTER TABLE `users`
  MODIFY `id` int(11) NOT NULL AUTO_INCREMENT, AUTO_INCREMENT=101;
--
-- Constraints for dumped tables
--

--
-- Constraints for table `comments`
--
ALTER TABLE `comments`
  ADD CONSTRAINT `comments_ibfk_1` FOREIGN KEY (`post_id`) REFERENCES `posts` (`id`),
  ADD CONSTRAINT `comments_ibfk_2` FOREIGN KEY (`user_id`) REFERENCES `users` (`id`);

--
-- Constraints for table `follows`
--
ALTER TABLE `follows`
  ADD CONSTRAINT `follows_ibfk_1` FOREIGN KEY (`following`) REFERENCES `users` (`id`),
  ADD CONSTRAINT `follows_ibfk_2` FOREIGN KEY (`user_id`) REFERENCES `users` (`id`);

--
-- Constraints for table `hide_posts`
--
ALTER TABLE `hide_posts`
  ADD CONSTRAINT `hide_posts_ibfk_1` FOREIGN KEY (`post_id`) REFERENCES `posts` (`id`),
  ADD CONSTRAINT `hide_posts_ibfk_2` FOREIGN KEY (`user_id`) REFERENCES `users` (`id`);

--
-- Constraints for table `likes`
--
ALTER TABLE `likes`
  ADD CONSTRAINT `likes_ibfk_1` FOREIGN KEY (`user_id`) REFERENCES `users` (`id`),
  ADD CONSTRAINT `likes_ibfk_2` FOREIGN KEY (`post_id`) REFERENCES `posts` (`id`);

--
-- Constraints for table `posts`
--
ALTER TABLE `posts`
  ADD CONSTRAINT `posts_ibfk_1` FOREIGN KEY (`user_id`) REFERENCES `users` (`id`);

--
-- Constraints for table `shares`
--
ALTER TABLE `shares`
  ADD CONSTRAINT `shares_ibfk_1` FOREIGN KEY (`post_id`) REFERENCES `posts` (`id`),
  ADD CONSTRAINT `shares_ibfk_2` FOREIGN KEY (`user_id`) REFERENCES `users` (`id`);

/*!40101 SET CHARACTER_SET_CLIENT=@OLD_CHARACTER_SET_CLIENT */;
/*!40101 SET CHARACTER_SET_RESULTS=@OLD_CHARACTER_SET_RESULTS */;
/*!40101 SET COLLATION_CONNECTION=@OLD_COLLATION_CONNECTION */;